_id,gender,race_ethnicity,parental_level_of_education,lunch,test_preparation_course,math_score,reading_score,writing_score
66e01b480a3cc20e1f41a423,female,group B,bachelor's degree,standard,none,72,72,74
66e01b480a3cc20e1f41a424,female,group C,some college,standard,completed,69,90,88
66e01b480a3cc20e1f41a425,female,group B,master's degree,standard,none,90,95,93
66e01b480a3cc20e1f41a426,male,group A,associate's degree,free/reduced,none,47,57,44
66e01b480a3cc20e1f41a427,male,group C,some college,standard,none,76,78,75
66e01b480a3cc20e1f41a428,female,group B,associate's degree,standard,none,71,83,78
66e01b480a3cc20e1f41a429,female,group B,some college,standard,completed,88,95,92
66e01b480a3cc20e1f41a42a,male,group B,some college,free/reduced,none,40,43,39
66e01b480a3cc20e1f41a42b,male,group D,high school,free/reduced,completed,64,64,67
66e01b480a3cc20e1f41a42c,female,group B,high school,free/reduced,none,38,60,50
66e01b480a3cc20e1f41a42d,male,group C,associate's degree,standard,none,58,54,52
66e01b480a3cc20e1f41a42e,male,group D,associate's degree,standard,none,40,52,43
66e01b480a3cc20e1f41a42f,female,group B,high school,standard,none,65,81,73
66e01b480a3cc20e1f41a430,male,group A,some college,standard,completed,78,72,70
66e01b480a3cc20e1f41a431,female,group A,master's degree,standard,none,50,53,58
66e01b480a3cc20e1f41a432,female,group C,some high school,standard,none,69,75,78
66e01b480a3cc20e1f41a433,male,group C,high school,standard,none,88,89,86
66e01b480a3cc20e1f41a434,female,group B,some high school,free/reduced,none,18,32,28
66e01b480a3cc20e1f41a435,male,group C,master's degree,free/reduced,completed,46,42,46
66e01b480a3cc20e1f41a436,female,group C,associate's degree,free/reduced,none,54,58,61
66e01b480a3cc20e1f41a437,male,group D,high school,standard,none,66,69,63
66e01b480a3cc20e1f41a438,female,group B,some college,free/reduced,completed,65,75,70
66e01b480a3cc20e1f41a439,male,group D,some college,standard,none,44,54,53
66e01b480a3cc20e1f41a43a,female,group C,some high school,standard,none,69,73,73
66e01b480a3cc20e1f41a43b,male,group D,bachelor's degree,free/reduced,completed,74,71,80
66e01b480a3cc20e1f41a43c,male,group A,master's degree,free/reduced,none,73,74,72
66e01b480a3cc20e1f41a43d,male,group B,some college,standard,none,69,54,55
66e01b480a3cc20e1f41a43e,female,group C,bachelor's degree,standard,none,67,69,75
66e01b480a3cc20e1f41a43f,male,group C,high school,standard,none,70,70,65
66e01b480a3cc20e1f41a440,female,group D,master's degree,standard,none,62,70,75
66e01b480a3cc20e1f41a441,female,group D,some college,standard,none,69,74,74
66e01b480a3cc20e1f41a442,female,group B,some college,standard,none,63,65,61
66e01b480a3cc20e1f41a443,female,group E,master's degree,free/reduced,none,56,72,65
66e01b480a3cc20e1f41a444,male,group D,some college,standard,none,40,42,38
66e01b480a3cc20e1f41a445,male,group E,some college,standard,none,97,87,82
66e01b480a3cc20e1f41a446,male,group E,associate's degree,standard,completed,81,81,79
66e01b480a3cc20e1f41a447,female,group D,associate's degree,standard,none,74,81,83
66e01b480a3cc20e1f41a448,female,group D,some high school,free/reduced,none,50,64,59
66e01b480a3cc20e1f41a449,female,group D,associate's degree,free/reduced,completed,75,90,88
66e01b480a3cc20e1f41a44a,male,group B,associate's degree,free/reduced,none,57,56,57
66e01b480a3cc20e1f41a44b,male,group C,associate's degree,free/reduced,none,55,61,54
66e01b480a3cc20e1f41a44c,female,group C,associate's degree,standard,none,58,73,68
66e01b480a3cc20e1f41a44d,female,group B,associate's degree,standard,none,53,58,65
66e01b480a3cc20e1f41a44e,male,group B,some college,free/reduced,completed,59,65,66
66e01b480a3cc20e1f41a44f,female,group E,associate's degree,free/reduced,none,50,56,54
66e01b480a3cc20e1f41a450,male,group B,associate's degree,standard,none,65,54,57
66e01b480a3cc20e1f41a451,female,group A,associate's degree,standard,completed,55,65,62
66e01b480a3cc20e1f41a452,female,group C,high school,standard,none,66,71,76
66e01b480a3cc20e1f41a453,female,group D,associate's degree,free/reduced,completed,57,74,76
66e01b480a3cc20e1f41a454,male,group C,high school,standard,completed,82,84,82
66e01b480a3cc20e1f41a455,male,group E,some college,standard,none,53,55,48
66e01b480a3cc20e1f41a456,male,group E,associate's degree,free/reduced,completed,77,69,68
66e01b480a3cc20e1f41a457,male,group C,some college,standard,none,53,44,42
66e01b480a3cc20e1f41a458,male,group D,high school,standard,none,88,78,75
66e01b480a3cc20e1f41a459,female,group C,some high school,free/reduced,completed,71,84,87
66e01b480a3cc20e1f41a45a,female,group C,high school,free/reduced,none,33,41,43
66e01b480a3cc20e1f41a45b,female,group E,associate's degree,standard,completed,82,85,86
66e01b480a3cc20e1f41a45c,male,group D,associate's degree,standard,none,52,55,49
66e01b480a3cc20e1f41a45d,male,group D,some college,standard,completed,58,59,58
66e01b480a3cc20e1f41a45e,female,group C,some high school,free/reduced,none,0,17,10
66e01b480a3cc20e1f41a45f,male,group E,bachelor's degree,free/reduced,completed,79,74,72
66e01b480a3cc20e1f41a460,male,group A,some high school,free/reduced,none,39,39,34
66e01b480a3cc20e1f41a461,male,group A,associate's degree,free/reduced,none,62,61,55
66e01b480a3cc20e1f41a462,female,group C,associate's degree,standard,none,69,80,71
66e01b480a3cc20e1f41a463,female,group D,some high school,standard,none,59,58,59
66e01b480a3cc20e1f41a464,male,group B,some high school,standard,none,67,64,61
66e01b480a3cc20e1f41a465,male,group D,some high school,free/reduced,none,45,37,37
66e01b480a3cc20e1f41a466,female,group C,some college,standard,none,60,72,74
66e01b480a3cc20e1f41a467,male,group B,associate's degree,free/reduced,none,61,58,56
66e01b480a3cc20e1f41a468,female,group C,associate's degree,standard,none,39,64,57
66e01b480a3cc20e1f41a469,female,group D,some college,free/reduced,completed,58,63,73
66e01b480a3cc20e1f41a46a,male,group D,some college,standard,completed,63,55,63
66e01b480a3cc20e1f41a46b,female,group A,associate's degree,free/reduced,none,41,51,48
66e01b480a3cc20e1f41a46c,male,group C,some high school,free/reduced,none,61,57,56
66e01b480a3cc20e1f41a46d,male,group C,some high school,standard,none,49,49,41
66e01b480a3cc20e1f41a46e,male,group B,associate's degree,free/reduced,none,44,41,38
66e01b480a3cc20e1f41a46f,male,group E,some high school,standard,none,30,26,22
66e01b480a3cc20e1f41a470,male,group A,bachelor's degree,standard,completed,80,78,81
66e01b480a3cc20e1f41a471,female,group D,some high school,standard,completed,61,74,72
66e01b480a3cc20e1f41a472,female,group E,master's degree,standard,none,62,68,68
66e01b480a3cc20e1f41a473,female,group B,associate's degree,standard,none,47,49,50
66e01b480a3cc20e1f41a474,male,group B,high school,free/reduced,none,49,45,45
66e01b480a3cc20e1f41a475,male,group A,some college,free/reduced,completed,50,47,54
66e01b480a3cc20e1f41a476,male,group E,associate's degree,standard,none,72,64,63
66e01b480a3cc20e1f41a477,male,group D,high school,free/reduced,none,42,39,34
66e01b480a3cc20e1f41a478,female,group C,some college,standard,none,73,80,82
66e01b480a3cc20e1f41a479,female,group C,some college,free/reduced,none,76,83,88
66e01b480a3cc20e1f41a47a,female,group D,associate's degree,standard,none,71,71,74
66e01b480a3cc20e1f41a47b,female,group A,some college,standard,none,58,70,67
66e01b480a3cc20e1f41a47c,female,group D,some high school,standard,none,73,86,82
66e01b480a3cc20e1f41a47d,female,group C,bachelor's degree,standard,none,65,72,74
66e01b480a3cc20e1f41a47e,male,group C,high school,free/reduced,none,27,34,36
66e01b480a3cc20e1f41a47f,male,group C,high school,standard,none,71,79,71
66e01b480a3cc20e1f41a480,male,group C,associate's degree,free/reduced,completed,43,45,50
66e01b480a3cc20e1f41a481,female,group B,some college,standard,none,79,86,92
66e01b480a3cc20e1f41a482,male,group C,associate's degree,free/reduced,completed,78,81,82
66e01b480a3cc20e1f41a483,male,group B,some high school,standard,completed,65,66,62
66e01b480a3cc20e1f41a484,female,group E,some college,standard,completed,63,72,70
66e01b480a3cc20e1f41a485,female,group D,some college,free/reduced,none,58,67,62
66e01b480a3cc20e1f41a486,female,group D,bachelor's degree,standard,none,65,67,62
66e01b480a3cc20e1f41a487,male,group B,some college,standard,none,79,67,67
66e01b480a3cc20e1f41a488,male,group D,bachelor's degree,standard,completed,68,74,74
66e01b480a3cc20e1f41a489,female,group D,associate's degree,standard,none,85,91,89
66e01b480a3cc20e1f41a48a,male,group B,high school,standard,completed,60,44,47
66e01b480a3cc20e1f41a48b,male,group C,some college,standard,completed,98,86,90
66e01b480a3cc20e1f41a48c,female,group C,some college,standard,none,58,67,72
66e01b480a3cc20e1f41a48d,female,group D,master's degree,standard,none,87,100,100
66e01b480a3cc20e1f41a48e,male,group E,associate's degree,standard,completed,66,63,64
66e01b480a3cc20e1f41a48f,female,group B,associate's degree,free/reduced,none,52,76,70
66e01b480a3cc20e1f41a490,female,group B,some high school,standard,none,70,64,72
66e01b480a3cc20e1f41a491,female,group D,associate's degree,free/reduced,completed,77,89,98
66e01b480a3cc20e1f41a492,male,group C,high school,standard,none,62,55,49
66e01b480a3cc20e1f41a493,male,group A,associate's degree,standard,none,54,53,47
66e01b480a3cc20e1f41a494,female,group D,some college,standard,none,51,58,54
66e01b480a3cc20e1f41a495,female,group E,bachelor's degree,standard,completed,99,100,100
66e01b480a3cc20e1f41a496,male,group C,high school,standard,none,84,77,74
66e01b480a3cc20e1f41a497,female,group B,bachelor's degree,free/reduced,none,75,85,82
66e01b480a3cc20e1f41a498,female,group D,bachelor's degree,standard,none,78,82,79
66e01b480a3cc20e1f41a499,female,group D,some high school,standard,none,51,63,61
66e01b480a3cc20e1f41a49a,female,group C,some college,standard,none,55,69,65
66e01b480a3cc20e1f41a49b,female,group C,bachelor's degree,standard,completed,79,92,89
66e01b480a3cc20e1f41a49c,male,group B,associate's degree,standard,completed,91,89,92
66e01b480a3cc20e1f41a49d,female,group C,some college,standard,completed,88,93,93
66e01b480a3cc20e1f41a49e,male,group D,high school,free/reduced,none,63,57,56
66e01b480a3cc20e1f41a49f,male,group E,some college,standard,none,83,80,73
66e01b480a3cc20e1f41a4a0,female,group B,high school,standard,none,87,95,86
66e01b480a3cc20e1f41a4a1,male,group B,some high school,standard,none,72,68,67
66e01b480a3cc20e1f41a4a2,male,group D,some college,standard,completed,65,77,74
66e01b480a3cc20e1f41a4a3,male,group D,master's degree,standard,none,82,82,74
66e01b480a3cc20e1f41a4a4,female,group A,bachelor's degree,standard,none,51,49,51
66e01b480a3cc20e1f41a4a5,male,group D,master's degree,standard,none,89,84,82
66e01b480a3cc20e1f41a4a6,male,group C,some high school,free/reduced,completed,53,37,40
66e01b480a3cc20e1f41a4a7,male,group E,some college,free/reduced,completed,87,74,70
66e01b480a3cc20e1f41a4a8,female,group C,some college,standard,completed,75,81,84
66e01b480a3cc20e1f41a4a9,male,group D,bachelor's degree,free/reduced,completed,74,79,75
66e01b480a3cc20e1f41a4aa,male,group C,bachelor's degree,standard,none,58,55,48
66e01b480a3cc20e1f41a4ab,male,group B,some high school,standard,completed,51,54,41
66e01b480a3cc20e1f41a4ac,male,group E,high school,standard,none,70,55,56
66e01b480a3cc20e1f41a4ad,female,group C,associate's degree,standard,none,59,66,67
66e01b480a3cc20e1f41a4ae,male,group D,some college,standard,completed,71,61,69
66e01b480a3cc20e1f41a4af,female,group D,some high school,standard,none,76,72,71
66e01b480a3cc20e1f41a4b0,female,group C,some college,free/reduced,none,59,62,64
66e01b480a3cc20e1f41a4b1,female,group E,some college,free/reduced,completed,42,55,54
66e01b480a3cc20e1f41a4b2,male,group A,high school,standard,none,57,43,47
66e01b480a3cc20e1f41a4b3,male,group D,some college,standard,none,88,73,78
66e01b480a3cc20e1f41a4b4,female,group C,some college,free/reduced,none,22,39,33
66e01b480a3cc20e1f41a4b5,male,group B,some high school,standard,none,88,84,75
66e01b480a3cc20e1f41a4b6,male,group C,associate's degree,free/reduced,none,73,68,66
66e01b480a3cc20e1f41a4b7,female,group D,bachelor's degree,standard,completed,68,75,81
66e01b480a3cc20e1f41a4b8,male,group E,associate's degree,free/reduced,completed,100,100,93
66e01b480a3cc20e1f41a4b9,male,group A,some high school,standard,completed,62,67,69
66e01b480a3cc20e1f41a4ba,male,group A,bachelor's degree,standard,none,77,67,68
66e01b480a3cc20e1f41a4bb,female,group B,associate's degree,standard,completed,59,70,66
66e01b480a3cc20e1f41a4bc,male,group D,bachelor's degree,standard,none,54,49,47
66e01b480a3cc20e1f41a4bd,male,group D,some high school,standard,none,62,67,61
66e01b480a3cc20e1f41a4be,female,group C,some college,standard,completed,70,89,88
66e01b480a3cc20e1f41a4bf,female,group E,high school,free/reduced,completed,66,74,78
66e01b480a3cc20e1f41a4c0,male,group B,some college,free/reduced,none,60,60,60
66e01b480a3cc20e1f41a4c1,female,group B,associate's degree,standard,completed,61,86,87
66e01b480a3cc20e1f41a4c2,male,group D,associate's degree,free/reduced,none,66,62,64
66e01b480a3cc20e1f41a4c3,male,group B,associate's degree,free/reduced,completed,82,78,74
66e01b480a3cc20e1f41a4c4,female,group E,some college,free/reduced,completed,75,88,85
66e01b480a3cc20e1f41a4c5,male,group B,master's degree,free/reduced,none,49,53,52
66e01b480a3cc20e1f41a4c6,male,group C,high school,standard,none,52,53,49
66e01b480a3cc20e1f41a4c7,female,group E,master's degree,standard,none,81,92,91
66e01b480a3cc20e1f41a4c8,female,group C,bachelor's degree,standard,completed,96,100,100
66e01b480a3cc20e1f41a4c9,male,group C,high school,free/reduced,completed,53,51,51
66e01b480a3cc20e1f41a4ca,female,group B,master's degree,free/reduced,completed,58,76,78
66e01b480a3cc20e1f41a4cb,female,group B,high school,standard,completed,68,83,78
66e01b480a3cc20e1f41a4cc,female,group C,some college,free/reduced,completed,67,75,70
66e01b480a3cc20e1f41a4cd,male,group A,high school,standard,completed,72,73,74
66e01b480a3cc20e1f41a4ce,male,group E,some high school,standard,none,94,88,78
66e01b480a3cc20e1f41a4cf,female,group D,some college,standard,none,79,86,81
66e01b480a3cc20e1f41a4d0,female,group C,associate's degree,standard,none,63,67,70
66e01b480a3cc20e1f41a4d1,female,group C,bachelor's degree,free/reduced,completed,43,51,54
66e01b480a3cc20e1f41a4d2,female,group C,master's degree,standard,completed,81,91,87
66e01b480a3cc20e1f41a4d3,female,group B,high school,free/reduced,completed,46,54,58
66e01b480a3cc20e1f41a4d4,female,group C,associate's degree,standard,completed,71,77,77
66e01b480a3cc20e1f41a4d5,female,group B,master's degree,free/reduced,completed,52,70,62
66e01b480a3cc20e1f41a4d6,female,group D,some high school,standard,completed,97,100,100
66e01b480a3cc20e1f41a4d7,male,group C,master's degree,free/reduced,completed,62,68,75
66e01b480a3cc20e1f41a4d8,female,group C,some college,free/reduced,none,46,64,66
66e01b480a3cc20e1f41a4d9,female,group E,high school,standard,none,50,50,47
66e01b480a3cc20e1f41a4da,female,group D,associate's degree,standard,none,65,69,70
66e01b480a3cc20e1f41a4db,male,group C,some high school,free/reduced,completed,45,52,49
66e01b480a3cc20e1f41a4dc,male,group C,associate's degree,free/reduced,completed,65,67,65
66e01b480a3cc20e1f41a4dd,male,group E,high school,standard,none,80,76,65
66e01b480a3cc20e1f41a4de,male,group D,some high school,standard,completed,62,66,68
66e01b480a3cc20e1f41a4df,male,group B,some high school,free/reduced,none,48,52,45
66e01b480a3cc20e1f41a4e0,female,group C,bachelor's degree,standard,none,77,88,87
66e01b480a3cc20e1f41a4e1,female,group E,associate's degree,standard,none,66,65,69
66e01b480a3cc20e1f41a4e2,male,group D,some college,standard,completed,76,83,79
66e01b480a3cc20e1f41a4e3,female,group B,some high school,standard,none,62,64,66
66e01b480a3cc20e1f41a4e4,male,group D,some college,standard,completed,77,62,62
66e01b480a3cc20e1f41a4e5,female,group C,master's degree,standard,completed,69,84,85
66e01b480a3cc20e1f41a4e6,male,group D,associate's degree,standard,none,61,55,52
66e01b480a3cc20e1f41a4e7,male,group C,some high school,free/reduced,completed,59,69,65
66e01b480a3cc20e1f41a4e8,male,group E,high school,free/reduced,none,55,56,51
66e01b480a3cc20e1f41a4e9,female,group B,some college,free/reduced,none,45,53,55
66e01b480a3cc20e1f41a4ea,female,group B,bachelor's degree,free/reduced,none,78,79,76
66e01b480a3cc20e1f41a4eb,female,group C,associate's degree,standard,completed,67,84,86
66e01b480a3cc20e1f41a4ec,female,group D,some college,free/reduced,none,65,81,77
66e01b480a3cc20e1f41a4ed,male,group C,associate's degree,standard,none,69,77,69
66e01b480a3cc20e1f41a4ee,female,group B,associate's degree,standard,none,57,69,68
66e01b480a3cc20e1f41a4ef,male,group C,some college,standard,none,59,41,42
66e01b480a3cc20e1f41a4f0,male,group D,some high school,standard,completed,74,71,78
66e01b480a3cc20e1f41a4f1,male,group E,bachelor's degree,standard,none,82,62,62
66e01b480a3cc20e1f41a4f2,male,group E,high school,standard,completed,81,80,76
66e01b480a3cc20e1f41a4f3,female,group B,some college,free/reduced,none,74,81,76
66e01b480a3cc20e1f41a4f4,female,group B,some college,free/reduced,none,58,61,66
66e01b480a3cc20e1f41a4f5,male,group D,some high school,free/reduced,completed,80,79,79
66e01b480a3cc20e1f41a4f6,male,group C,some college,free/reduced,none,35,28,27
66e01b480a3cc20e1f41a4f7,female,group C,high school,free/reduced,none,42,62,60
66e01b480a3cc20e1f41a4f8,male,group C,associate's degree,free/reduced,completed,60,51,56
66e01b480a3cc20e1f41a4f9,male,group E,high school,standard,completed,87,91,81
66e01b480a3cc20e1f41a4fa,male,group B,some high school,standard,completed,84,83,75
66e01b480a3cc20e1f41a4fb,female,group E,associate's degree,free/reduced,completed,83,86,88
66e01b480a3cc20e1f41a4fc,female,group C,high school,free/reduced,none,34,42,39
66e01b480a3cc20e1f41a4fd,male,group B,high school,free/reduced,none,66,77,70
66e01b480a3cc20e1f41a4fe,male,group B,some high school,standard,completed,61,56,56
66e01b480a3cc20e1f41a4ff,female,group D,high school,standard,completed,56,68,74
66e01b480a3cc20e1f41a500,male,group B,associate's degree,standard,none,87,85,73
66e01b480a3cc20e1f41a501,female,group C,some high school,free/reduced,none,55,65,62
66e01b480a3cc20e1f41a502,male,group D,some high school,standard,none,86,80,75
66e01b480a3cc20e1f41a503,female,group B,associate's degree,standard,completed,52,66,73
66e01b480a3cc20e1f41a504,female,group E,master's degree,free/reduced,none,45,56,54
66e01b480a3cc20e1f41a505,female,group C,some college,standard,none,72,72,71
66e01b480a3cc20e1f41a506,male,group D,high school,standard,none,57,50,54
66e01b480a3cc20e1f41a507,male,group A,some high school,free/reduced,none,68,72,64
66e01b480a3cc20e1f41a508,female,group C,some college,standard,completed,88,95,94
66e01b480a3cc20e1f41a509,male,group D,some college,standard,none,76,64,66
66e01b480a3cc20e1f41a50a,male,group C,associate's degree,standard,none,46,43,42
66e01b480a3cc20e1f41a50b,female,group B,bachelor's degree,standard,none,67,86,83
66e01b480a3cc20e1f41a50c,male,group E,some high school,standard,none,92,87,78
66e01b480a3cc20e1f41a50d,male,group C,bachelor's degree,standard,completed,83,82,84
66e01b480a3cc20e1f41a50e,male,group D,associate's degree,standard,none,80,75,77
66e01b480a3cc20e1f41a50f,male,group D,bachelor's degree,free/reduced,none,63,66,67
66e01b480a3cc20e1f41a510,female,group D,some high school,standard,completed,64,60,74
66e01b480a3cc20e1f41a511,male,group B,some college,standard,none,54,52,51
66e01b480a3cc20e1f41a512,male,group C,associate's degree,standard,none,84,80,80
66e01b480a3cc20e1f41a513,male,group D,high school,free/reduced,completed,73,68,66
66e01b480a3cc20e1f41a514,female,group E,bachelor's degree,standard,none,80,83,83
66e01b480a3cc20e1f41a515,female,group D,high school,standard,none,56,52,55
66e01b480a3cc20e1f41a516,male,group E,some college,standard,none,59,51,43
66e01b480a3cc20e1f41a517,male,group D,some high school,standard,none,75,74,69
66e01b480a3cc20e1f41a518,male,group C,associate's degree,standard,none,85,76,71
66e01b480a3cc20e1f41a519,male,group E,associate's degree,standard,none,89,76,74
66e01b480a3cc20e1f41a51a,female,group B,high school,standard,completed,58,70,68
66e01b480a3cc20e1f41a51b,female,group B,high school,standard,none,65,64,62
66e01b480a3cc20e1f41a51c,male,group C,high school,standard,none,68,60,53
66e01b480a3cc20e1f41a51d,male,group A,some high school,standard,completed,47,49,49
66e01b480a3cc20e1f41a51e,female,group D,some college,free/reduced,none,71,83,83
66e01b480a3cc20e1f41a51f,female,group B,some high school,standard,completed,60,70,70
66e01b480a3cc20e1f41a520,male,group D,master's degree,standard,none,80,80,72
66e01b480a3cc20e1f41a521,male,group D,high school,standard,none,54,52,52
66e01b480a3cc20e1f41a522,female,group E,some college,standard,none,62,73,70
66e01b480a3cc20e1f41a523,female,group C,associate's degree,free/reduced,none,64,73,68
66e01b480a3cc20e1f41a524,male,group C,associate's degree,standard,completed,78,77,77
66e01b480a3cc20e1f41a525,female,group B,some college,standard,none,70,75,78
66e01b480a3cc20e1f41a526,female,group C,master's degree,free/reduced,completed,65,81,81
66e01b480a3cc20e1f41a527,female,group C,some high school,free/reduced,completed,64,79,77
66e01b480a3cc20e1f41a528,male,group C,some college,standard,completed,79,79,78
66e01b480a3cc20e1f41a529,female,group C,some high school,free/reduced,none,44,50,51
66e01b480a3cc20e1f41a52a,female,group E,high school,standard,none,99,93,90
66e01b480a3cc20e1f41a52b,male,group D,high school,standard,none,76,73,68
66e01b480a3cc20e1f41a52c,male,group D,some high school,free/reduced,none,59,42,41
66e01b480a3cc20e1f41a52d,female,group C,bachelor's degree,standard,none,63,75,81
66e01b480a3cc20e1f41a52e,female,group D,high school,standard,none,69,72,77
66e01b480a3cc20e1f41a52f,female,group D,associate's degree,standard,completed,88,92,95
66e01b480a3cc20e1f41a530,female,group E,some college,free/reduced,none,71,76,70
66e01b480a3cc20e1f41a531,male,group C,bachelor's degree,standard,none,69,63,61
66e01b480a3cc20e1f41a532,male,group C,some college,standard,none,58,49,42
66e01b480a3cc20e1f41a533,female,group D,associate's degree,free/reduced,none,47,53,58
66e01b480a3cc20e1f41a534,female,group D,some college,standard,none,65,70,71
66e01b480a3cc20e1f41a535,male,group B,some college,standard,completed,88,85,76
66e01b480a3cc20e1f41a536,male,group C,bachelor's degree,standard,none,83,78,73
66e01b480a3cc20e1f41a537,female,group C,some high school,standard,completed,85,92,93
66e01b480a3cc20e1f41a538,female,group E,high school,standard,completed,59,63,75
66e01b480a3cc20e1f41a539,female,group C,some high school,free/reduced,none,65,86,80
66e01b480a3cc20e1f41a53a,male,group B,bachelor's degree,free/reduced,none,73,56,57
66e01b480a3cc20e1f41a53b,male,group D,high school,standard,none,53,52,42
66e01b480a3cc20e1f41a53c,male,group D,high school,standard,none,45,48,46
66e01b480a3cc20e1f41a53d,female,group D,bachelor's degree,free/reduced,none,73,79,84
66e01b480a3cc20e1f41a53e,female,group D,some college,free/reduced,completed,70,78,78
66e01b480a3cc20e1f41a53f,female,group B,some high school,standard,none,37,46,46
66e01b480a3cc20e1f41a540,male,group B,associate's degree,standard,completed,81,82,82
66e01b480a3cc20e1f41a541,male,group E,associate's degree,standard,completed,97,82,88
66e01b480a3cc20e1f41a542,female,group B,some high school,standard,none,67,89,82
66e01b480a3cc20e1f41a543,male,group B,bachelor's degree,free/reduced,none,88,75,76
66e01b480a3cc20e1f41a544,male,group E,some high school,standard,completed,77,76,77
66e01b480a3cc20e1f41a545,male,group C,associate's degree,standard,none,76,70,68
66e01b480a3cc20e1f41a546,male,group D,some high school,standard,none,86,73,70
66e01b480a3cc20e1f41a547,male,group C,some high school,standard,completed,63,60,57
66e01b480a3cc20e1f41a548,female,group E,bachelor's degree,standard,none,65,73,75
66e01b480a3cc20e1f41a549,male,group D,high school,free/reduced,completed,78,77,80
66e01b480a3cc20e1f41a54a,male,group B,associate's degree,free/reduced,none,67,62,60
66e01b480a3cc20e1f41a54b,male,group A,some high school,standard,completed,46,41,43
66e01b480a3cc20e1f41a54c,male,group E,associate's degree,standard,completed,71,74,68
66e01b480a3cc20e1f41a54d,male,group C,high school,free/reduced,completed,40,46,50
66e01b480a3cc20e1f41a54e,male,group D,associate's degree,free/reduced,none,90,87,75
66e01b480a3cc20e1f41a54f,male,group A,some college,free/reduced,completed,81,78,81
66e01b480a3cc20e1f41a550,male,group D,some high school,free/reduced,none,56,54,52
66e01b480a3cc20e1f41a551,female,group C,associate's degree,standard,completed,67,84,81
66e01b480a3cc20e1f41a552,male,group B,associate's degree,standard,none,80,76,64
66e01b480a3cc20e1f41a553,female,group C,associate's degree,standard,completed,74,75,83
66e01b480a3cc20e1f41a554,male,group A,some college,standard,none,69,67,69
66e01b480a3cc20e1f41a555,male,group E,some college,standard,completed,99,87,81
66e01b480a3cc20e1f41a556,male,group C,some high school,standard,none,51,52,44
66e01b480a3cc20e1f41a557,female,group B,associate's degree,free/reduced,none,53,71,67
66e01b480a3cc20e1f41a558,female,group D,high school,free/reduced,none,49,57,52
66e01b480a3cc20e1f41a559,female,group B,associate's degree,standard,none,73,76,80
66e01b480a3cc20e1f41a55a,male,group B,bachelor's degree,standard,none,66,60,57
66e01b480a3cc20e1f41a55b,male,group D,bachelor's degree,standard,completed,67,61,68
66e01b480a3cc20e1f41a55c,female,group C,associate's degree,free/reduced,completed,68,67,69
66e01b480a3cc20e1f41a55d,female,group C,bachelor's degree,standard,completed,59,64,75
66e01b480a3cc20e1f41a55e,male,group C,high school,standard,none,71,66,65
66e01b480a3cc20e1f41a55f,female,group D,master's degree,standard,completed,77,82,91
66e01b480a3cc20e1f41a560,male,group C,associate's degree,standard,none,83,72,78
66e01b480a3cc20e1f41a561,male,group B,bachelor's degree,standard,none,63,71,69
66e01b480a3cc20e1f41a562,female,group D,associate's degree,free/reduced,none,56,65,63
66e01b480a3cc20e1f41a563,female,group C,high school,free/reduced,completed,67,79,84
66e01b480a3cc20e1f41a564,female,group E,high school,standard,none,75,86,79
66e01b480a3cc20e1f41a565,female,group C,some college,standard,none,71,81,80
66e01b480a3cc20e1f41a566,female,group C,some high school,free/reduced,none,43,53,53
66e01b480a3cc20e1f41a567,female,group C,high school,free/reduced,none,41,46,43
66e01b480a3cc20e1f41a568,female,group C,some college,standard,none,82,90,94
66e01b480a3cc20e1f41a569,male,group C,some college,standard,none,61,61,62
66e01b480a3cc20e1f41a56a,male,group A,some college,free/reduced,none,28,23,19
66e01b480a3cc20e1f41a56b,male,group C,associate's degree,standard,completed,82,75,77
66e01b480a3cc20e1f41a56c,female,group B,some high school,standard,none,41,55,51
66e01b480a3cc20e1f41a56d,male,group C,high school,standard,none,71,60,61
66e01b480a3cc20e1f41a56e,male,group C,associate's degree,standard,none,47,37,35
66e01b480a3cc20e1f41a56f,male,group E,associate's degree,standard,completed,62,56,53
66e01b480a3cc20e1f41a570,male,group B,associate's degree,standard,none,90,78,81
66e01b480a3cc20e1f41a571,female,group C,bachelor's degree,standard,none,83,93,95
66e01b480a3cc20e1f41a572,female,group B,some college,free/reduced,none,61,68,66
66e01b480a3cc20e1f41a573,male,group D,some high school,standard,completed,76,70,69
66e01b480a3cc20e1f41a574,male,group C,associate's degree,standard,none,49,51,43
66e01b480a3cc20e1f41a575,female,group B,some high school,free/reduced,none,24,38,27
66e01b480a3cc20e1f41a576,female,group D,some high school,free/reduced,completed,35,55,60
66e01b480a3cc20e1f41a577,male,group C,high school,free/reduced,none,58,61,52
66e01b480a3cc20e1f41a578,female,group C,high school,standard,none,61,73,63
66e01b480a3cc20e1f41a579,female,group B,high school,standard,completed,69,76,74
66e01b480a3cc20e1f41a57a,male,group D,associate's degree,standard,completed,67,72,67
66e01b480a3cc20e1f41a57b,male,group D,some college,standard,none,79,73,67
66e01b480a3cc20e1f41a57c,female,group C,high school,standard,none,72,80,75
66e01b480a3cc20e1f41a57d,male,group B,some college,standard,none,62,61,57
66e01b480a3cc20e1f41a57e,female,group C,bachelor's degree,standard,completed,77,94,95
66e01b480a3cc20e1f41a57f,male,group D,high school,free/reduced,none,75,74,66
66e01b480a3cc20e1f41a580,male,group E,associate's degree,standard,none,87,74,76
66e01b480a3cc20e1f41a581,female,group B,bachelor's degree,standard,none,52,65,69
66e01b480a3cc20e1f41a582,male,group E,some college,standard,none,66,57,52
66e01b480a3cc20e1f41a583,female,group C,some college,standard,completed,63,78,80
66e01b480a3cc20e1f41a584,female,group C,associate's degree,standard,none,46,58,57
66e01b480a3cc20e1f41a585,female,group C,some college,standard,none,59,71,70
66e01b480a3cc20e1f41a586,female,group B,bachelor's degree,standard,none,61,72,70
66e01b480a3cc20e1f41a587,male,group A,associate's degree,standard,none,63,61,61
66e01b480a3cc20e1f41a588,female,group C,some college,free/reduced,completed,42,66,69
66e01b480a3cc20e1f41a589,male,group D,some college,free/reduced,none,59,62,61
66e01b480a3cc20e1f41a58a,female,group D,some college,standard,none,80,90,89
66e01b480a3cc20e1f41a58b,female,group B,high school,standard,none,58,62,59
66e01b480a3cc20e1f41a58c,male,group B,some high school,standard,completed,85,84,78
66e01b480a3cc20e1f41a58d,female,group C,some college,standard,none,52,58,58
66e01b480a3cc20e1f41a58e,female,group D,some high school,free/reduced,none,27,34,32
66e01b480a3cc20e1f41a58f,male,group C,some college,standard,none,59,60,58
66e01b480a3cc20e1f41a590,male,group A,bachelor's degree,free/reduced,completed,49,58,60
66e01b480a3cc20e1f41a591,male,group C,high school,standard,completed,69,58,53
66e01b480a3cc20e1f41a592,male,group C,bachelor's degree,free/reduced,none,61,66,61
66e01b480a3cc20e1f41a593,female,group A,some high school,free/reduced,none,44,64,58
66e01b480a3cc20e1f41a594,female,group D,some high school,standard,none,73,84,85
66e01b480a3cc20e1f41a595,male,group E,some college,standard,none,84,77,71
66e01b480a3cc20e1f41a596,female,group C,some college,free/reduced,completed,45,73,70
66e01b480a3cc20e1f41a597,male,group D,some high school,standard,none,74,74,72
66e01b480a3cc20e1f41a598,female,group D,some college,standard,completed,82,97,96
66e01b480a3cc20e1f41a599,female,group D,bachelor's degree,standard,none,59,70,73
66e01b480a3cc20e1f41a59a,male,group E,associate's degree,free/reduced,none,46,43,41
66e01b480a3cc20e1f41a59b,female,group D,some high school,standard,none,80,90,82
66e01b480a3cc20e1f41a59c,female,group D,master's degree,free/reduced,completed,85,95,100
66e01b480a3cc20e1f41a59d,female,group A,some high school,standard,none,71,83,77
66e01b480a3cc20e1f41a59e,male,group A,bachelor's degree,standard,none,66,64,62
66e01b480a3cc20e1f41a59f,female,group B,associate's degree,standard,none,80,86,83
66e01b480a3cc20e1f41a5a0,male,group C,associate's degree,standard,completed,87,100,95
66e01b480a3cc20e1f41a5a1,male,group C,master's degree,free/reduced,none,79,81,71
66e01b480a3cc20e1f41a5a2,female,group E,some high school,free/reduced,none,38,49,45
66e01b480a3cc20e1f41a5a3,female,group A,some high school,free/reduced,none,38,43,43
66e01b480a3cc20e1f41a5a4,female,group E,some college,standard,none,67,76,75
66e01b480a3cc20e1f41a5a5,female,group E,bachelor's degree,standard,none,64,73,70
66e01b480a3cc20e1f41a5a6,female,group C,associate's degree,free/reduced,none,57,78,67
66e01b480a3cc20e1f41a5a7,female,group D,high school,standard,none,62,64,64
66e01b480a3cc20e1f41a5a8,male,group D,master's degree,standard,none,73,70,75
66e01b480a3cc20e1f41a5a9,male,group E,some high school,free/reduced,completed,73,67,59
66e01b480a3cc20e1f41a5aa,female,group D,some college,standard,none,77,68,77
66e01b480a3cc20e1f41a5ab,male,group E,some college,standard,none,76,67,67
66e01b480a3cc20e1f41a5ac,male,group C,associate's degree,standard,completed,57,54,56
66e01b480a3cc20e1f41a5ad,female,group C,some high school,standard,completed,65,74,77
66e01b480a3cc20e1f41a5ae,male,group A,high school,free/reduced,none,48,45,41
66e01b480a3cc20e1f41a5af,female,group B,high school,free/reduced,none,50,67,63
66e01b480a3cc20e1f41a5b0,female,group C,associate's degree,standard,none,85,89,95
66e01b480a3cc20e1f41a5b1,male,group B,some high school,standard,none,74,63,57
66e01b480a3cc20e1f41a5b2,male,group D,some high school,standard,none,60,59,54
66e01b480a3cc20e1f41a5b3,female,group C,some high school,standard,completed,59,54,67
66e01b480a3cc20e1f41a5b4,male,group A,some college,standard,none,53,43,43
66e01b480a3cc20e1f41a5b5,female,group A,some college,free/reduced,none,49,65,55
66e01b480a3cc20e1f41a5b6,female,group D,high school,standard,completed,88,99,100
66e01b480a3cc20e1f41a5b7,female,group C,high school,standard,none,54,59,62
66e01b480a3cc20e1f41a5b8,female,group C,some high school,standard,none,63,73,68
66e01b480a3cc20e1f41a5b9,male,group B,associate's degree,standard,completed,65,65,63
66e01b480a3cc20e1f41a5ba,female,group B,associate's degree,standard,none,82,80,77
66e01b480a3cc20e1f41a5bb,female,group D,high school,free/reduced,completed,52,57,56
66e01b480a3cc20e1f41a5bc,male,group D,associate's degree,standard,completed,87,84,85
66e01b480a3cc20e1f41a5bd,female,group D,master's degree,standard,completed,70,71,74
66e01b480a3cc20e1f41a5be,male,group E,some college,standard,completed,84,83,78
66e01b480a3cc20e1f41a5bf,male,group D,associate's degree,standard,none,71,66,60
66e01b480a3cc20e1f41a5c0,male,group B,some high school,standard,completed,63,67,67
66e01b480a3cc20e1f41a5c1,female,group C,bachelor's degree,free/reduced,completed,51,72,79
66e01b480a3cc20e1f41a5c2,male,group E,high school,standard,none,84,73,69
66e01b480a3cc20e1f41a5c3,male,group C,bachelor's degree,standard,completed,71,74,68
66e01b480a3cc20e1f41a5c4,male,group C,associate's degree,standard,none,74,73,67
66e01b480a3cc20e1f41a5c5,male,group D,some college,standard,none,68,59,62
66e01b480a3cc20e1f41a5c6,male,group E,high school,free/reduced,completed,57,56,54
66e01b480a3cc20e1f41a5c7,female,group C,associate's degree,free/reduced,completed,82,93,93
66e01b480a3cc20e1f41a5c8,female,group D,high school,standard,completed,57,58,64
66e01b480a3cc20e1f41a5c9,female,group D,master's degree,free/reduced,completed,47,58,67
66e01b480a3cc20e1f41a5ca,female,group A,some high school,standard,completed,59,85,80
66e01b480a3cc20e1f41a5cb,male,group B,some college,free/reduced,none,41,39,34
66e01b480a3cc20e1f41a5cc,female,group C,some college,free/reduced,none,62,67,62
66e01b480a3cc20e1f41a5cd,male,group C,bachelor's degree,standard,none,86,83,86
66e01b480a3cc20e1f41a5ce,male,group C,some high school,free/reduced,none,69,71,65
66e01b480a3cc20e1f41a5cf,male,group A,some high school,free/reduced,none,65,59,53
66e01b480a3cc20e1f41a5d0,male,group C,some high school,free/reduced,none,68,63,54
66e01b480a3cc20e1f41a5d1,male,group C,associate's degree,free/reduced,none,64,66,59
66e01b480a3cc20e1f41a5d2,female,group C,high school,standard,none,61,72,70
66e01b480a3cc20e1f41a5d3,male,group C,high school,standard,none,61,56,55
66e01b480a3cc20e1f41a5d4,female,group A,some high school,free/reduced,none,47,59,50
66e01b480a3cc20e1f41a5d5,male,group C,some high school,standard,none,73,66,66
66e01b480a3cc20e1f41a5d6,male,group C,some college,free/reduced,completed,50,48,53
66e01b480a3cc20e1f41a5d7,male,group D,associate's degree,standard,none,75,68,64
66e01b480a3cc20e1f41a5d8,male,group D,associate's degree,free/reduced,none,75,66,73
66e01b480a3cc20e1f41a5d9,male,group C,high school,standard,none,70,56,51
66e01b480a3cc20e1f41a5da,male,group D,some high school,standard,completed,89,88,82
66e01b480a3cc20e1f41a5db,female,group C,some college,standard,completed,67,81,79
66e01b480a3cc20e1f41a5dc,female,group D,high school,standard,none,78,81,80
66e01b480a3cc20e1f41a5dd,female,group A,some high school,free/reduced,none,59,73,69
66e01b480a3cc20e1f41a5de,female,group B,associate's degree,standard,none,73,83,76
66e01b480a3cc20e1f41a5df,male,group A,some high school,free/reduced,none,79,82,73
66e01b480a3cc20e1f41a5e0,female,group C,some high school,standard,completed,67,74,77
66e01b480a3cc20e1f41a5e1,male,group D,some college,free/reduced,none,69,66,60
66e01b480a3cc20e1f41a5e2,male,group C,high school,standard,completed,86,81,80
66e01b480a3cc20e1f41a5e3,male,group B,high school,standard,none,47,46,42
66e01b480a3cc20e1f41a5e4,male,group B,associate's degree,standard,none,81,73,72
66e01b480a3cc20e1f41a5e5,female,group C,some college,free/reduced,completed,64,85,85
66e01b480a3cc20e1f41a5e6,female,group E,some college,standard,none,100,92,97
66e01b480a3cc20e1f41a5e7,female,group C,associate's degree,free/reduced,none,65,77,74
66e01b480a3cc20e1f41a5e8,male,group C,some college,free/reduced,none,65,58,49
66e01b480a3cc20e1f41a5e9,female,group C,associate's degree,free/reduced,none,53,61,62
66e01b480a3cc20e1f41a5ea,male,group C,bachelor's degree,free/reduced,none,37,56,47
66e01b480a3cc20e1f41a5eb,female,group D,bachelor's degree,standard,none,79,89,89
66e01b480a3cc20e1f41a5ec,male,group D,associate's degree,free/reduced,none,53,54,48
66e01b480a3cc20e1f41a5ed,female,group E,bachelor's degree,standard,none,100,100,100
66e01b480a3cc20e1f41a5ee,male,group B,high school,standard,completed,72,65,68
66e01b480a3cc20e1f41a5ef,male,group C,bachelor's degree,free/reduced,none,53,58,55
66e01b480a3cc20e1f41a5f0,male,group B,some college,free/reduced,none,54,54,45
66e01b480a3cc20e1f41a5f1,female,group E,some college,standard,none,71,70,76
66e01b480a3cc20e1f41a5f2,female,group C,some college,free/reduced,none,77,90,91
66e01b480a3cc20e1f41a5f3,male,group A,bachelor's degree,standard,completed,75,58,62
66e01b480a3cc20e1f41a5f4,female,group C,some college,standard,none,84,87,91
66e01b480a3cc20e1f41a5f5,female,group D,associate's degree,free/reduced,none,26,31,38
66e01b480a3cc20e1f41a5f6,male,group A,high school,free/reduced,completed,72,67,65
66e01b480a3cc20e1f41a5f7,female,group A,high school,free/reduced,completed,77,88,85
66e01b480a3cc20e1f41a5f8,male,group C,some college,standard,none,91,74,76
66e01b480a3cc20e1f41a5f9,female,group C,associate's degree,standard,completed,83,85,90
66e01b480a3cc20e1f41a5fa,female,group C,high school,standard,none,63,69,74
66e01b480a3cc20e1f41a5fb,female,group C,associate's degree,standard,completed,68,86,84
66e01b480a3cc20e1f41a5fc,female,group D,some high school,standard,none,59,67,61
66e01b480a3cc20e1f41a5fd,female,group B,associate's degree,standard,completed,90,90,91
66e01b480a3cc20e1f41a5fe,female,group D,bachelor's degree,standard,completed,71,76,83
66e01b480a3cc20e1f41a5ff,male,group E,bachelor's degree,standard,completed,76,62,66
66e01b480a3cc20e1f41a600,male,group D,associate's degree,standard,none,80,68,72
66e01b480a3cc20e1f41a601,female,group D,master's degree,standard,none,55,64,70
66e01b480a3cc20e1f41a602,male,group E,associate's degree,standard,none,76,71,67
66e01b480a3cc20e1f41a603,male,group B,high school,standard,completed,73,71,68
66e01b480a3cc20e1f41a604,female,group D,associate's degree,free/reduced,none,52,59,56
66e01b480a3cc20e1f41a605,male,group C,some college,free/reduced,none,68,68,61
66e01b480a3cc20e1f41a606,male,group A,high school,standard,none,59,52,46
66e01b480a3cc20e1f41a607,female,group B,associate's degree,standard,none,49,52,54
66e01b480a3cc20e1f41a608,male,group C,high school,standard,none,70,74,71
66e01b480a3cc20e1f41a609,male,group D,some college,free/reduced,none,61,47,56
66e01b480a3cc20e1f41a60a,female,group C,associate's degree,free/reduced,none,60,75,74
66e01b480a3cc20e1f41a60b,male,group B,some high school,standard,completed,64,53,57
66e01b480a3cc20e1f41a60c,male,group A,associate's degree,free/reduced,completed,79,82,82
66e01b480a3cc20e1f41a60d,female,group A,associate's degree,free/reduced,none,65,85,76
66e01b480a3cc20e1f41a60e,female,group C,associate's degree,standard,none,64,64,70
66e01b480a3cc20e1f41a60f,female,group C,some college,standard,none,83,83,90
66e01b480a3cc20e1f41a610,female,group C,bachelor's degree,standard,none,81,88,90
66e01b480a3cc20e1f41a611,female,group B,high school,standard,none,54,64,68
66e01b480a3cc20e1f41a612,male,group D,high school,standard,completed,68,64,66
66e01b480a3cc20e1f41a613,female,group C,some college,standard,none,54,48,52
66e01b480a3cc20e1f41a614,female,group D,some college,free/reduced,completed,59,78,76
66e01b480a3cc20e1f41a615,female,group B,some high school,standard,none,66,69,68
66e01b480a3cc20e1f41a616,male,group E,some college,standard,none,76,71,72
66e01b480a3cc20e1f41a617,female,group D,master's degree,standard,none,74,79,82
66e01b480a3cc20e1f41a618,female,group B,associate's degree,standard,completed,94,87,92
66e01b480a3cc20e1f41a619,male,group C,some college,free/reduced,none,63,61,54
66e01b480a3cc20e1f41a61a,female,group E,associate's degree,standard,completed,95,89,92
66e01b480a3cc20e1f41a61b,female,group D,master's degree,free/reduced,none,40,59,54
66e01b480a3cc20e1f41a61c,female,group B,some high school,standard,none,82,82,80
66e01b480a3cc20e1f41a61d,male,group A,high school,standard,none,68,70,66
66e01b480a3cc20e1f41a61e,male,group B,bachelor's degree,free/reduced,none,55,59,54
66e01b480a3cc20e1f41a61f,male,group C,master's degree,standard,none,79,78,77
66e01b480a3cc20e1f41a620,female,group C,bachelor's degree,standard,none,86,92,87
66e01b480a3cc20e1f41a621,male,group D,some college,standard,none,76,71,73
66e01b480a3cc20e1f41a622,male,group A,some high school,standard,none,64,50,43
66e01b480a3cc20e1f41a623,male,group D,some high school,free/reduced,none,62,49,52
66e01b480a3cc20e1f41a624,female,group B,some high school,standard,completed,54,61,62
66e01b480a3cc20e1f41a625,female,group B,master's degree,free/reduced,completed,77,97,94
66e01b480a3cc20e1f41a626,female,group C,some high school,standard,completed,76,87,85
66e01b480a3cc20e1f41a627,female,group D,some college,standard,none,74,89,84
66e01b480a3cc20e1f41a628,female,group E,some college,standard,completed,66,74,73
66e01b480a3cc20e1f41a629,female,group D,some high school,standard,completed,66,78,78
66e01b480a3cc20e1f41a62a,female,group B,high school,free/reduced,completed,67,78,79
66e01b480a3cc20e1f41a62b,male,group D,some college,standard,none,71,49,52
66e01b480a3cc20e1f41a62c,female,group C,associate's degree,standard,none,91,86,84
66e01b480a3cc20e1f41a62d,male,group D,bachelor's degree,standard,none,69,58,57
66e01b480a3cc20e1f41a62e,male,group C,master's degree,free/reduced,none,54,59,50
66e01b480a3cc20e1f41a62f,male,group C,high school,standard,completed,53,52,49
66e01b480a3cc20e1f41a630,male,group E,some college,standard,none,68,60,59
66e01b480a3cc20e1f41a631,male,group C,some high school,free/reduced,completed,56,61,60
66e01b480a3cc20e1f41a632,female,group C,high school,free/reduced,none,36,53,43
66e01b480a3cc20e1f41a633,female,group D,bachelor's degree,free/reduced,none,29,41,47
66e01b480a3cc20e1f41a634,female,group C,associate's degree,standard,none,62,74,70
66e01b480a3cc20e1f41a635,female,group C,associate's degree,standard,completed,68,67,73
66e01b480a3cc20e1f41a636,female,group C,some high school,standard,none,47,54,53
66e01b480a3cc20e1f41a637,male,group E,associate's degree,standard,completed,62,61,58
66e01b480a3cc20e1f41a638,female,group E,associate's degree,standard,completed,79,88,94
66e01b480a3cc20e1f41a639,male,group B,high school,standard,completed,73,69,68
66e01b480a3cc20e1f41a63a,female,group C,bachelor's degree,free/reduced,completed,66,83,83
66e01b480a3cc20e1f41a63b,male,group C,associate's degree,standard,completed,51,60,58
66e01b480a3cc20e1f41a63c,female,group D,high school,standard,none,51,66,62
66e01b480a3cc20e1f41a63d,male,group E,bachelor's degree,standard,completed,85,66,71
66e01b480a3cc20e1f41a63e,male,group A,associate's degree,standard,completed,97,92,86
66e01b480a3cc20e1f41a63f,male,group C,high school,standard,completed,75,69,68
66e01b480a3cc20e1f41a640,male,group D,associate's degree,free/reduced,completed,79,82,80
66e01b480a3cc20e1f41a641,female,group C,associate's degree,standard,none,81,77,79
66e01b480a3cc20e1f41a642,female,group D,associate's degree,standard,none,82,95,89
66e01b480a3cc20e1f41a643,female,group D,master's degree,standard,none,64,63,66
66e01b480a3cc20e1f41a644,male,group E,some high school,free/reduced,completed,78,83,80
66e01b480a3cc20e1f41a645,female,group A,some high school,standard,completed,92,100,97
66e01b480a3cc20e1f41a646,male,group C,high school,standard,completed,72,67,64
66e01b480a3cc20e1f41a647,female,group C,high school,free/reduced,none,62,67,64
66e01b480a3cc20e1f41a648,male,group C,master's degree,standard,none,79,72,69
66e01b480a3cc20e1f41a649,male,group C,some high school,free/reduced,none,79,76,65
66e01b480a3cc20e1f41a64a,male,group B,bachelor's degree,free/reduced,completed,87,90,88
66e01b480a3cc20e1f41a64b,female,group B,associate's degree,standard,none,40,48,50
66e01b480a3cc20e1f41a64c,male,group D,some college,free/reduced,none,77,62,64
66e01b480a3cc20e1f41a64d,male,group E,associate's degree,standard,none,53,45,40
66e01b480a3cc20e1f41a64e,female,group C,some college,free/reduced,none,32,39,33
66e01b480a3cc20e1f41a64f,female,group C,associate's degree,standard,completed,55,72,79
66e01b480a3cc20e1f41a650,male,group C,master's degree,free/reduced,none,61,67,66
66e01b480a3cc20e1f41a651,female,group B,associate's degree,free/reduced,none,53,70,70
66e01b480a3cc20e1f41a652,male,group D,some high school,standard,none,73,66,62
66e01b480a3cc20e1f41a653,female,group D,some college,standard,completed,74,75,79
66e01b480a3cc20e1f41a654,female,group C,some college,standard,none,63,74,74
66e01b480a3cc20e1f41a655,male,group C,bachelor's degree,standard,completed,96,90,92
66e01b480a3cc20e1f41a656,female,group D,some college,free/reduced,completed,63,80,80
66e01b480a3cc20e1f41a657,male,group B,bachelor's degree,free/reduced,none,48,51,46
66e01b480a3cc20e1f41a658,male,group B,associate's degree,standard,none,48,43,45
66e01b480a3cc20e1f41a659,female,group E,bachelor's degree,free/reduced,completed,92,100,100
66e01b480a3cc20e1f41a65a,female,group D,master's degree,free/reduced,completed,61,71,78
66e01b480a3cc20e1f41a65b,male,group B,high school,free/reduced,none,63,48,47
66e01b480a3cc20e1f41a65c,male,group D,bachelor's degree,free/reduced,none,68,68,67
66e01b480a3cc20e1f41a65d,male,group B,some college,standard,completed,71,75,70
66e01b480a3cc20e1f41a65e,male,group A,bachelor's degree,standard,none,91,96,92
66e01b480a3cc20e1f41a65f,female,group C,some college,standard,none,53,62,56
66e01b480a3cc20e1f41a660,female,group C,high school,free/reduced,completed,50,66,64
66e01b480a3cc20e1f41a661,female,group E,high school,standard,none,74,81,71
66e01b480a3cc20e1f41a662,male,group A,associate's degree,free/reduced,completed,40,55,53
66e01b480a3cc20e1f41a663,male,group A,some college,standard,completed,61,51,52
66e01b480a3cc20e1f41a664,female,group B,high school,standard,none,81,91,89
66e01b480a3cc20e1f41a665,female,group B,some college,free/reduced,completed,48,56,58
66e01b480a3cc20e1f41a666,female,group D,master's degree,standard,none,53,61,68
66e01b480a3cc20e1f41a667,female,group D,some high school,standard,none,81,97,96
66e01b480a3cc20e1f41a668,female,group E,some high school,standard,none,77,79,80
66e01b480a3cc20e1f41a669,female,group D,bachelor's degree,free/reduced,none,63,73,78
66e01b480a3cc20e1f41a66a,female,group D,associate's degree,standard,completed,73,75,80
66e01b480a3cc20e1f41a66b,female,group D,some college,standard,none,69,77,77
66e01b480a3cc20e1f41a66c,female,group C,associate's degree,standard,none,65,76,76
66e01b480a3cc20e1f41a66d,female,group A,high school,standard,none,55,73,73
66e01b480a3cc20e1f41a66e,female,group C,bachelor's degree,free/reduced,none,44,63,62
66e01b480a3cc20e1f41a66f,female,group C,some college,standard,none,54,64,65
66e01b480a3cc20e1f41a670,female,group A,some high school,standard,none,48,66,65
66e01b480a3cc20e1f41a671,male,group C,some college,free/reduced,none,58,57,54
66e01b480a3cc20e1f41a672,male,group A,some high school,standard,none,71,62,50
66e01b480a3cc20e1f41a673,male,group E,bachelor's degree,standard,none,68,68,64
66e01b480a3cc20e1f41a674,female,group E,high school,standard,none,74,76,73
66e01b480a3cc20e1f41a675,female,group C,bachelor's degree,standard,completed,92,100,99
66e01b480a3cc20e1f41a676,female,group C,bachelor's degree,standard,completed,56,79,72
66e01b480a3cc20e1f41a677,male,group B,high school,free/reduced,none,30,24,15
66e01b480a3cc20e1f41a678,male,group A,some high school,standard,none,53,54,48
66e01b480a3cc20e1f41a679,female,group D,high school,standard,none,69,77,73
66e01b480a3cc20e1f41a67a,female,group D,some high school,standard,none,65,82,81
66e01b480a3cc20e1f41a67b,female,group D,master's degree,standard,none,54,60,63
66e01b480a3cc20e1f41a67c,female,group C,high school,standard,none,29,29,30
66e01b480a3cc20e1f41a67d,female,group E,some college,standard,none,76,78,80
66e01b480a3cc20e1f41a67e,male,group D,high school,free/reduced,none,60,57,51
66e01b480a3cc20e1f41a67f,male,group D,master's degree,free/reduced,completed,84,89,90
66e01b480a3cc20e1f41a680,male,group C,some high school,standard,none,75,72,62
66e01b480a3cc20e1f41a681,female,group C,associate's degree,standard,none,85,84,82
66e01b480a3cc20e1f41a682,female,group C,master's degree,free/reduced,none,40,58,54
66e01b480a3cc20e1f41a683,female,group E,some college,standard,none,61,64,62
66e01b480a3cc20e1f41a684,female,group B,associate's degree,standard,none,58,63,65
66e01b480a3cc20e1f41a685,male,group D,some college,free/reduced,completed,69,60,63
66e01b480a3cc20e1f41a686,female,group C,some college,standard,none,58,59,66
66e01b480a3cc20e1f41a687,male,group C,bachelor's degree,standard,completed,94,90,91
66e01b480a3cc20e1f41a688,female,group C,associate's degree,standard,none,65,77,74
66e01b480a3cc20e1f41a689,female,group A,associate's degree,standard,none,82,93,93
66e01b480a3cc20e1f41a68a,female,group C,high school,standard,none,60,68,72
66e01b480a3cc20e1f41a68b,female,group E,bachelor's degree,standard,none,37,45,38
66e01b480a3cc20e1f41a68c,male,group D,bachelor's degree,standard,none,88,78,83
66e01b480a3cc20e1f41a68d,male,group D,master's degree,standard,none,95,81,84
66e01b480a3cc20e1f41a68e,male,group C,associate's degree,free/reduced,completed,65,73,68
66e01b480a3cc20e1f41a68f,female,group C,high school,free/reduced,none,35,61,54
66e01b480a3cc20e1f41a690,male,group B,bachelor's degree,free/reduced,none,62,63,56
66e01b480a3cc20e1f41a691,male,group C,high school,free/reduced,completed,58,51,52
66e01b480a3cc20e1f41a692,male,group A,some college,standard,completed,100,96,86
66e01b480a3cc20e1f41a693,female,group E,bachelor's degree,free/reduced,none,61,58,62
66e01b480a3cc20e1f41a694,male,group D,some college,standard,completed,100,97,99
66e01b480a3cc20e1f41a695,male,group B,associate's degree,free/reduced,completed,69,70,63
66e01b480a3cc20e1f41a696,male,group D,associate's degree,standard,none,61,48,46
66e01b480a3cc20e1f41a697,male,group D,some college,free/reduced,none,49,57,46
66e01b480a3cc20e1f41a698,female,group C,some high school,standard,completed,44,51,55
66e01b480a3cc20e1f41a699,male,group D,some college,standard,none,67,64,70
66e01b480a3cc20e1f41a69a,male,group B,high school,standard,none,79,60,65
66e01b480a3cc20e1f41a69b,female,group B,bachelor's degree,standard,completed,66,74,81
66e01b480a3cc20e1f41a69c,female,group C,high school,standard,none,75,88,85
66e01b480a3cc20e1f41a69d,male,group D,some high school,standard,none,84,84,80
66e01b480a3cc20e1f41a69e,male,group A,high school,standard,none,71,74,64
66e01b480a3cc20e1f41a69f,female,group B,high school,free/reduced,completed,67,80,81
66e01b480a3cc20e1f41a6a0,female,group D,some high school,standard,completed,80,92,88
66e01b480a3cc20e1f41a6a1,male,group E,some college,standard,none,86,76,74
66e01b480a3cc20e1f41a6a2,female,group D,associate's degree,standard,none,76,74,73
66e01b480a3cc20e1f41a6a3,male,group D,high school,standard,none,41,52,51
66e01b480a3cc20e1f41a6a4,female,group D,associate's degree,free/reduced,completed,74,88,90
66e01b480a3cc20e1f41a6a5,female,group B,some high school,free/reduced,none,72,81,79
66e01b480a3cc20e1f41a6a6,female,group E,high school,standard,completed,74,79,80
66e01b480a3cc20e1f41a6a7,male,group B,high school,standard,none,70,65,60
66e01b480a3cc20e1f41a6a8,female,group B,bachelor's degree,standard,completed,65,81,81
66e01b480a3cc20e1f41a6a9,female,group D,associate's degree,standard,none,59,70,65
66e01b480a3cc20e1f41a6aa,female,group E,high school,free/reduced,none,64,62,68
66e01b480a3cc20e1f41a6ab,female,group B,high school,standard,none,50,53,55
66e01b480a3cc20e1f41a6ac,female,group D,some college,standard,completed,69,79,81
66e01b480a3cc20e1f41a6ad,male,group C,some high school,free/reduced,completed,51,56,53
66e01b480a3cc20e1f41a6ae,female,group A,high school,standard,completed,68,80,76
66e01b480a3cc20e1f41a6af,female,group D,some college,standard,completed,85,86,98
66e01b480a3cc20e1f41a6b0,female,group A,associate's degree,standard,completed,65,70,74
66e01b480a3cc20e1f41a6b1,female,group B,some high school,standard,none,73,79,79
66e01b480a3cc20e1f41a6b2,female,group B,some college,standard,none,62,67,67
66e01b480a3cc20e1f41a6b3,male,group C,associate's degree,free/reduced,none,77,67,64
66e01b480a3cc20e1f41a6b4,male,group D,some high school,standard,none,69,66,61
66e01b480a3cc20e1f41a6b5,female,group D,associate's degree,free/reduced,none,43,60,58
66e01b480a3cc20e1f41a6b6,male,group D,associate's degree,standard,none,90,87,85
66e01b480a3cc20e1f41a6b7,male,group C,some college,free/reduced,none,74,77,73
66e01b480a3cc20e1f41a6b8,male,group C,some high school,standard,none,73,66,63
66e01b480a3cc20e1f41a6b9,female,group D,some college,free/reduced,none,55,71,69
66e01b480a3cc20e1f41a6ba,female,group C,high school,standard,none,65,69,67
66e01b480a3cc20e1f41a6bb,male,group D,associate's degree,standard,none,80,63,63
66e01b480a3cc20e1f41a6bc,female,group C,some high school,free/reduced,completed,50,60,60
66e01b480a3cc20e1f41a6bd,female,group C,some college,free/reduced,completed,63,73,71
66e01b480a3cc20e1f41a6be,female,group B,bachelor's degree,free/reduced,none,77,85,87
66e01b480a3cc20e1f41a6bf,male,group C,some college,standard,none,73,74,61
66e01b480a3cc20e1f41a6c0,male,group D,associate's degree,standard,completed,81,72,77
66e01b480a3cc20e1f41a6c1,female,group C,high school,free/reduced,none,66,76,68
66e01b480a3cc20e1f41a6c2,male,group D,associate's degree,free/reduced,none,52,57,50
66e01b480a3cc20e1f41a6c3,female,group C,some college,standard,none,69,78,76
66e01b480a3cc20e1f41a6c4,female,group C,associate's degree,standard,completed,65,84,84
66e01b480a3cc20e1f41a6c5,female,group D,high school,standard,completed,69,77,78
66e01b480a3cc20e1f41a6c6,female,group B,some college,standard,completed,50,64,66
66e01b480a3cc20e1f41a6c7,female,group E,some college,standard,completed,73,78,76
66e01b480a3cc20e1f41a6c8,female,group C,some high school,standard,completed,70,82,76
66e01b480a3cc20e1f41a6c9,male,group D,associate's degree,free/reduced,none,81,75,78
66e01b480a3cc20e1f41a6ca,male,group D,some college,free/reduced,none,63,61,60
66e01b480a3cc20e1f41a6cb,female,group D,high school,standard,none,67,72,74
66e01b480a3cc20e1f41a6cc,male,group B,high school,standard,none,60,68,60
66e01b480a3cc20e1f41a6cd,male,group B,high school,standard,none,62,55,54
66e01b480a3cc20e1f41a6ce,female,group C,some high school,free/reduced,completed,29,40,44
66e01b480a3cc20e1f41a6cf,male,group B,some college,standard,completed,62,66,68
66e01b480a3cc20e1f41a6d0,female,group E,master's degree,standard,completed,94,99,100
66e01b480a3cc20e1f41a6d1,male,group E,some college,standard,completed,85,75,68
66e01b480a3cc20e1f41a6d2,male,group D,associate's degree,free/reduced,none,77,78,73
66e01b480a3cc20e1f41a6d3,male,group A,high school,free/reduced,none,53,58,44
66e01b480a3cc20e1f41a6d4,male,group E,some college,free/reduced,none,93,90,83
66e01b480a3cc20e1f41a6d5,female,group C,associate's degree,standard,none,49,53,53
66e01b480a3cc20e1f41a6d6,female,group E,associate's degree,free/reduced,none,73,76,78
66e01b480a3cc20e1f41a6d7,female,group C,bachelor's degree,free/reduced,completed,66,74,81
66e01b480a3cc20e1f41a6d8,female,group D,associate's degree,standard,none,77,77,73
66e01b480a3cc20e1f41a6d9,female,group C,some high school,standard,none,49,63,56
66e01b480a3cc20e1f41a6da,female,group D,some college,free/reduced,none,79,89,86
66e01b480a3cc20e1f41a6db,female,group C,associate's degree,standard,completed,75,82,90
66e01b480a3cc20e1f41a6dc,female,group A,bachelor's degree,standard,none,59,72,70
66e01b480a3cc20e1f41a6dd,female,group D,associate's degree,standard,completed,57,78,79
66e01b480a3cc20e1f41a6de,male,group C,high school,free/reduced,none,66,66,59
66e01b480a3cc20e1f41a6df,female,group E,bachelor's degree,standard,completed,79,81,82
66e01b480a3cc20e1f41a6e0,female,group B,some high school,standard,none,57,67,72
66e01b480a3cc20e1f41a6e1,male,group A,bachelor's degree,standard,completed,87,84,87
66e01b480a3cc20e1f41a6e2,female,group D,some college,standard,none,63,64,67
66e01b480a3cc20e1f41a6e3,female,group B,some high school,free/reduced,completed,59,63,64
66e01b480a3cc20e1f41a6e4,male,group A,bachelor's degree,free/reduced,none,62,72,65
66e01b480a3cc20e1f41a6e5,male,group D,high school,standard,none,46,34,36
66e01b480a3cc20e1f41a6e6,male,group C,some college,standard,none,66,59,52
66e01b480a3cc20e1f41a6e7,male,group D,high school,standard,none,89,87,79
66e01b480a3cc20e1f41a6e8,female,group D,associate's degree,free/reduced,completed,42,61,58
66e01b480a3cc20e1f41a6e9,male,group C,some college,standard,completed,93,84,90
66e01b480a3cc20e1f41a6ea,female,group E,some high school,standard,completed,80,85,85
66e01b480a3cc20e1f41a6eb,female,group D,some college,standard,none,98,100,99
66e01b480a3cc20e1f41a6ec,male,group D,master's degree,standard,none,81,81,84
66e01b480a3cc20e1f41a6ed,female,group B,some high school,standard,completed,60,70,74
66e01b480a3cc20e1f41a6ee,female,group B,associate's degree,free/reduced,completed,76,94,87
66e01b480a3cc20e1f41a6ef,male,group C,associate's degree,standard,completed,73,78,72
66e01b480a3cc20e1f41a6f0,female,group C,associate's degree,standard,completed,96,96,99
66e01b480a3cc20e1f41a6f1,female,group C,high school,standard,none,76,76,74
66e01b480a3cc20e1f41a6f2,male,group E,associate's degree,free/reduced,completed,91,73,80
66e01b480a3cc20e1f41a6f3,female,group C,some college,free/reduced,none,62,72,70
66e01b480a3cc20e1f41a6f4,male,group D,some high school,free/reduced,completed,55,59,59
66e01b480a3cc20e1f41a6f5,female,group B,some high school,free/reduced,completed,74,90,88
66e01b480a3cc20e1f41a6f6,male,group C,high school,standard,none,50,48,42
66e01b480a3cc20e1f41a6f7,male,group B,some college,standard,none,47,43,41
66e01b480a3cc20e1f41a6f8,male,group E,some college,standard,completed,81,74,71
66e01b480a3cc20e1f41a6f9,female,group E,associate's degree,standard,completed,65,75,77
66e01b480a3cc20e1f41a6fa,male,group E,some high school,standard,completed,68,51,57
66e01b480a3cc20e1f41a6fb,female,group D,high school,free/reduced,none,73,92,84
66e01b480a3cc20e1f41a6fc,male,group C,some college,standard,none,53,39,37
66e01b480a3cc20e1f41a6fd,female,group B,associate's degree,free/reduced,completed,68,77,80
66e01b480a3cc20e1f41a6fe,male,group A,some high school,free/reduced,none,55,46,43
66e01b480a3cc20e1f41a6ff,female,group C,some college,standard,completed,87,89,94
66e01b480a3cc20e1f41a700,male,group D,some high school,standard,none,55,47,44
66e01b480a3cc20e1f41a701,female,group E,some college,free/reduced,none,53,58,57
66e01b480a3cc20e1f41a702,male,group C,master's degree,standard,none,67,57,59
66e01b480a3cc20e1f41a703,male,group C,associate's degree,standard,none,92,79,84
66e01b480a3cc20e1f41a704,female,group B,some college,free/reduced,completed,53,66,73
66e01b480a3cc20e1f41a705,male,group D,associate's degree,standard,none,81,71,73
66e01b480a3cc20e1f41a706,male,group C,high school,free/reduced,none,61,60,55
66e01b480a3cc20e1f41a707,male,group D,bachelor's degree,standard,none,80,73,72
66e01b480a3cc20e1f41a708,female,group A,associate's degree,free/reduced,none,37,57,56
66e01b480a3cc20e1f41a709,female,group C,high school,standard,none,81,84,82
66e01b480a3cc20e1f41a70a,female,group C,associate's degree,standard,completed,59,73,72
66e01b480a3cc20e1f41a70b,male,group B,some college,free/reduced,none,55,55,47
66e01b480a3cc20e1f41a70c,male,group D,associate's degree,standard,none,72,79,74
66e01b480a3cc20e1f41a70d,male,group D,high school,standard,none,69,75,71
66e01b480a3cc20e1f41a70e,male,group C,some college,standard,none,69,64,68
66e01b480a3cc20e1f41a70f,female,group C,bachelor's degree,free/reduced,none,50,60,59
66e01b480a3cc20e1f41a710,male,group B,some college,standard,completed,87,84,86
66e01b480a3cc20e1f41a711,male,group D,some high school,standard,completed,71,69,68
66e01b480a3cc20e1f41a712,male,group E,some college,standard,none,68,72,65
66e01b480a3cc20e1f41a713,male,group C,master's degree,free/reduced,completed,79,77,75
66e01b480a3cc20e1f41a714,female,group C,some high school,standard,completed,77,90,85
66e01b480a3cc20e1f41a715,male,group C,associate's degree,free/reduced,none,58,55,53
66e01b480a3cc20e1f41a716,female,group E,associate's degree,standard,none,84,95,92
66e01b480a3cc20e1f41a717,male,group D,some college,standard,none,55,58,52
66e01b480a3cc20e1f41a718,male,group E,bachelor's degree,free/reduced,completed,70,68,72
66e01b480a3cc20e1f41a719,female,group D,some college,free/reduced,completed,52,59,65
66e01b480a3cc20e1f41a71a,male,group B,some college,standard,completed,69,77,77
66e01b480a3cc20e1f41a71b,female,group C,high school,free/reduced,none,53,72,64
66e01b480a3cc20e1f41a71c,female,group D,some high school,standard,none,48,58,54
66e01b480a3cc20e1f41a71d,male,group D,some high school,standard,completed,78,81,86
66e01b480a3cc20e1f41a71e,female,group B,high school,standard,none,62,62,63
66e01b480a3cc20e1f41a71f,male,group D,some college,standard,none,60,63,59
66e01b480a3cc20e1f41a720,female,group B,high school,standard,none,74,72,72
66e01b480a3cc20e1f41a721,female,group C,high school,standard,completed,58,75,77
66e01b480a3cc20e1f41a722,male,group B,high school,standard,completed,76,62,60
66e01b480a3cc20e1f41a723,female,group D,some high school,standard,none,68,71,75
66e01b480a3cc20e1f41a724,male,group A,some college,free/reduced,none,58,60,57
66e01b480a3cc20e1f41a725,male,group B,high school,standard,none,52,48,49
66e01b480a3cc20e1f41a726,male,group D,bachelor's degree,standard,none,75,73,74
66e01b480a3cc20e1f41a727,female,group B,some high school,free/reduced,completed,52,67,72
66e01b480a3cc20e1f41a728,female,group C,bachelor's degree,free/reduced,none,62,78,79
66e01b480a3cc20e1f41a729,male,group B,some college,standard,none,66,65,60
66e01b480a3cc20e1f41a72a,female,group B,some high school,free/reduced,none,49,58,55
66e01b480a3cc20e1f41a72b,female,group B,high school,standard,none,66,72,70
66e01b480a3cc20e1f41a72c,female,group C,some college,free/reduced,none,35,44,43
66e01b480a3cc20e1f41a72d,female,group A,some college,standard,completed,72,79,82
66e01b480a3cc20e1f41a72e,male,group E,associate's degree,standard,completed,94,85,82
66e01b480a3cc20e1f41a72f,female,group D,associate's degree,free/reduced,none,46,56,57
66e01b480a3cc20e1f41a730,female,group B,master's degree,standard,none,77,90,84
66e01b480a3cc20e1f41a731,female,group B,high school,free/reduced,completed,76,85,82
66e01b480a3cc20e1f41a732,female,group C,associate's degree,standard,completed,52,59,62
66e01b480a3cc20e1f41a733,male,group C,bachelor's degree,standard,completed,91,81,79
66e01b480a3cc20e1f41a734,female,group B,some high school,standard,completed,32,51,44
66e01b480a3cc20e1f41a735,female,group E,some high school,free/reduced,none,72,79,77
66e01b480a3cc20e1f41a736,female,group B,some college,standard,none,19,38,32
66e01b480a3cc20e1f41a737,male,group C,associate's degree,free/reduced,none,68,65,61
66e01b480a3cc20e1f41a738,female,group C,master's degree,free/reduced,none,52,65,61
66e01b480a3cc20e1f41a739,female,group B,high school,standard,none,48,62,60
66e01b480a3cc20e1f41a73a,female,group D,some college,free/reduced,none,60,66,70
66e01b480a3cc20e1f41a73b,male,group D,high school,free/reduced,none,66,74,69
66e01b480a3cc20e1f41a73c,male,group E,some high school,standard,completed,89,84,77
66e01b480a3cc20e1f41a73d,female,group B,high school,standard,none,42,52,51
66e01b480a3cc20e1f41a73e,female,group E,associate's degree,free/reduced,completed,57,68,73
66e01b480a3cc20e1f41a73f,male,group D,high school,standard,none,70,70,70
66e01b480a3cc20e1f41a740,female,group E,associate's degree,free/reduced,none,70,84,81
66e01b480a3cc20e1f41a741,male,group E,some college,standard,none,69,60,54
66e01b480a3cc20e1f41a742,female,group C,associate's degree,standard,none,52,55,57
66e01b480a3cc20e1f41a743,male,group C,some high school,standard,completed,67,73,68
66e01b480a3cc20e1f41a744,male,group C,some high school,standard,completed,76,80,73
66e01b480a3cc20e1f41a745,female,group E,associate's degree,standard,none,87,94,95
66e01b480a3cc20e1f41a746,female,group B,some college,standard,none,82,85,87
66e01b480a3cc20e1f41a747,female,group C,some college,standard,none,73,76,78
66e01b480a3cc20e1f41a748,male,group A,some college,free/reduced,none,75,81,74
66e01b480a3cc20e1f41a749,female,group D,some college,free/reduced,none,64,74,75
66e01b480a3cc20e1f41a74a,female,group E,high school,free/reduced,none,41,45,40
66e01b480a3cc20e1f41a74b,male,group C,high school,standard,none,90,75,69
66e01b480a3cc20e1f41a74c,male,group B,bachelor's degree,standard,none,59,54,51
66e01b480a3cc20e1f41a74d,male,group A,some high school,standard,none,51,31,36
66e01b480a3cc20e1f41a74e,male,group A,high school,free/reduced,none,45,47,49
66e01b480a3cc20e1f41a74f,female,group C,master's degree,standard,completed,54,64,67
66e01b480a3cc20e1f41a750,male,group E,some high school,standard,completed,87,84,76
66e01b480a3cc20e1f41a751,female,group C,high school,standard,none,72,80,83
66e01b480a3cc20e1f41a752,male,group B,some high school,standard,completed,94,86,87
66e01b480a3cc20e1f41a753,female,group A,bachelor's degree,standard,none,45,59,64
66e01b480a3cc20e1f41a754,male,group D,bachelor's degree,free/reduced,completed,61,70,76
66e01b480a3cc20e1f41a755,female,group B,high school,free/reduced,none,60,72,68
66e01b480a3cc20e1f41a756,female,group C,some high school,standard,none,77,91,88
66e01b480a3cc20e1f41a757,female,group A,some high school,standard,completed,85,90,92
66e01b480a3cc20e1f41a758,female,group D,bachelor's degree,free/reduced,none,78,90,93
66e01b480a3cc20e1f41a759,male,group E,some college,free/reduced,completed,49,52,51
66e01b480a3cc20e1f41a75a,female,group B,high school,free/reduced,none,71,87,82
66e01b480a3cc20e1f41a75b,female,group C,some high school,free/reduced,none,48,58,52
66e01b480a3cc20e1f41a75c,male,group C,high school,standard,none,62,67,58
66e01b480a3cc20e1f41a75d,female,group C,associate's degree,free/reduced,completed,56,68,70
66e01b480a3cc20e1f41a75e,female,group C,some high school,standard,none,65,69,76
66e01b480a3cc20e1f41a75f,female,group D,some high school,free/reduced,completed,69,86,81
66e01b480a3cc20e1f41a760,male,group B,some high school,standard,none,68,54,53
66e01b480a3cc20e1f41a761,female,group A,some college,free/reduced,none,61,60,57
66e01b480a3cc20e1f41a762,female,group C,bachelor's degree,free/reduced,completed,74,86,89
66e01b480a3cc20e1f41a763,male,group A,bachelor's degree,standard,none,64,60,58
66e01b480a3cc20e1f41a764,female,group B,high school,standard,completed,77,82,89
66e01b480a3cc20e1f41a765,male,group B,some college,standard,none,58,50,45
66e01b480a3cc20e1f41a766,female,group C,high school,standard,completed,60,64,74
66e01b480a3cc20e1f41a767,male,group E,high school,standard,none,73,64,57
66e01b480a3cc20e1f41a768,female,group A,high school,standard,completed,75,82,79
66e01b480a3cc20e1f41a769,male,group B,associate's degree,free/reduced,completed,58,57,53
66e01b480a3cc20e1f41a76a,female,group C,associate's degree,standard,none,66,77,73
66e01b480a3cc20e1f41a76b,female,group D,high school,free/reduced,none,39,52,46
66e01b480a3cc20e1f41a76c,male,group C,some high school,standard,none,64,58,51
66e01b480a3cc20e1f41a76d,female,group B,high school,free/reduced,completed,23,44,36
66e01b480a3cc20e1f41a76e,male,group B,some college,free/reduced,completed,74,77,76
66e01b480a3cc20e1f41a76f,female,group D,some high school,free/reduced,completed,40,65,64
66e01b480a3cc20e1f41a770,male,group E,master's degree,standard,none,90,85,84
66e01b480a3cc20e1f41a771,male,group C,master's degree,standard,completed,91,85,85
66e01b480a3cc20e1f41a772,male,group D,high school,standard,none,64,54,50
66e01b480a3cc20e1f41a773,female,group C,high school,standard,none,59,72,68
66e01b480a3cc20e1f41a774,male,group D,associate's degree,standard,none,80,75,69
66e01b480a3cc20e1f41a775,male,group C,master's degree,standard,none,71,67,67
66e01b480a3cc20e1f41a776,female,group A,high school,standard,none,61,68,63
66e01b480a3cc20e1f41a777,female,group E,some college,standard,none,87,85,93
66e01b480a3cc20e1f41a778,male,group E,some high school,standard,none,82,67,61
66e01b480a3cc20e1f41a779,male,group C,some high school,standard,none,62,64,55
66e01b480a3cc20e1f41a77a,female,group B,bachelor's degree,standard,none,97,97,96
66e01b480a3cc20e1f41a77b,male,group B,some college,free/reduced,none,75,68,65
66e01b480a3cc20e1f41a77c,female,group C,bachelor's degree,standard,none,65,79,81
66e01b480a3cc20e1f41a77d,male,group B,high school,standard,completed,52,49,46
66e01b480a3cc20e1f41a77e,male,group C,associate's degree,free/reduced,none,87,73,72
66e01b480a3cc20e1f41a77f,female,group C,associate's degree,standard,none,53,62,53
66e01b480a3cc20e1f41a780,female,group E,master's degree,free/reduced,none,81,86,87
66e01b480a3cc20e1f41a781,male,group D,bachelor's degree,free/reduced,completed,39,42,38
66e01b480a3cc20e1f41a782,female,group C,some college,standard,completed,71,71,80
66e01b480a3cc20e1f41a783,male,group C,associate's degree,standard,none,97,93,91
66e01b480a3cc20e1f41a784,male,group D,some college,standard,completed,82,82,88
66e01b480a3cc20e1f41a785,male,group C,high school,free/reduced,none,59,53,52
66e01b480a3cc20e1f41a786,male,group B,associate's degree,standard,none,61,42,41
66e01b480a3cc20e1f41a787,male,group E,associate's degree,free/reduced,completed,78,74,72
66e01b480a3cc20e1f41a788,male,group C,associate's degree,free/reduced,none,49,51,51
66e01b480a3cc20e1f41a789,male,group B,high school,standard,none,59,58,47
66e01b480a3cc20e1f41a78a,female,group C,some college,standard,completed,70,72,76
66e01b480a3cc20e1f41a78b,male,group B,associate's degree,standard,completed,82,84,78
66e01b480a3cc20e1f41a78c,male,group E,associate's degree,free/reduced,none,90,90,82
66e01b480a3cc20e1f41a78d,female,group C,bachelor's degree,free/reduced,none,43,62,61
66e01b480a3cc20e1f41a78e,male,group C,some college,free/reduced,none,80,64,66
66e01b480a3cc20e1f41a78f,male,group D,some college,standard,none,81,82,84
66e01b480a3cc20e1f41a790,male,group C,some high school,standard,none,57,61,54
66e01b480a3cc20e1f41a791,female,group D,some high school,standard,none,59,72,80
66e01b480a3cc20e1f41a792,female,group D,associate's degree,standard,none,64,76,74
66e01b480a3cc20e1f41a793,male,group C,bachelor's degree,standard,completed,63,64,66
66e01b480a3cc20e1f41a794,female,group E,bachelor's degree,standard,completed,71,70,70
66e01b480a3cc20e1f41a795,female,group B,high school,free/reduced,none,64,73,71
66e01b480a3cc20e1f41a796,male,group D,bachelor's degree,free/reduced,none,55,46,44
66e01b480a3cc20e1f41a797,female,group E,associate's degree,standard,none,51,51,54
66e01b480a3cc20e1f41a798,female,group C,associate's degree,standard,completed,62,76,80
66e01b480a3cc20e1f41a799,female,group E,associate's degree,standard,completed,93,100,95
66e01b480a3cc20e1f41a79a,male,group C,high school,free/reduced,none,54,72,59
66e01b480a3cc20e1f41a79b,female,group D,some college,free/reduced,none,69,65,74
66e01b480a3cc20e1f41a79c,male,group D,high school,free/reduced,none,44,51,48
66e01b480a3cc20e1f41a79d,female,group E,some college,standard,completed,86,85,91
66e01b480a3cc20e1f41a79e,female,group E,associate's degree,standard,none,85,92,85
66e01b480a3cc20e1f41a79f,female,group A,master's degree,free/reduced,none,50,67,73
66e01b480a3cc20e1f41a7a0,male,group D,some high school,standard,completed,88,74,75
66e01b480a3cc20e1f41a7a1,female,group E,associate's degree,standard,none,59,62,69
66e01b480a3cc20e1f41a7a2,female,group E,some high school,free/reduced,none,32,34,38
66e01b480a3cc20e1f41a7a3,male,group B,high school,free/reduced,none,36,29,27
66e01b480a3cc20e1f41a7a4,female,group B,some high school,free/reduced,completed,63,78,79
66e01b480a3cc20e1f41a7a5,male,group D,associate's degree,standard,completed,67,54,63
66e01b480a3cc20e1f41a7a6,female,group D,some high school,standard,completed,65,78,82
66e01b480a3cc20e1f41a7a7,male,group D,master's degree,standard,none,85,84,89
66e01b480a3cc20e1f41a7a8,female,group C,master's degree,standard,none,73,78,74
66e01b480a3cc20e1f41a7a9,female,group A,high school,free/reduced,completed,34,48,41
66e01b480a3cc20e1f41a7aa,female,group D,bachelor's degree,free/reduced,completed,93,100,100
66e01b480a3cc20e1f41a7ab,female,group D,some high school,free/reduced,none,67,84,84
66e01b480a3cc20e1f41a7ac,male,group D,some college,standard,none,88,77,77
66e01b480a3cc20e1f41a7ad,male,group B,high school,standard,none,57,48,51
66e01b480a3cc20e1f41a7ae,female,group D,some college,standard,completed,79,84,91
66e01b480a3cc20e1f41a7af,female,group C,bachelor's degree,free/reduced,none,67,75,72
66e01b480a3cc20e1f41a7b0,male,group E,bachelor's degree,standard,completed,70,64,70
66e01b480a3cc20e1f41a7b1,male,group D,bachelor's degree,free/reduced,none,50,42,48
66e01b480a3cc20e1f41a7b2,female,group A,some college,standard,none,69,84,82
66e01b480a3cc20e1f41a7b3,female,group C,bachelor's degree,standard,completed,52,61,66
66e01b480a3cc20e1f41a7b4,female,group C,bachelor's degree,free/reduced,completed,47,62,66
66e01b480a3cc20e1f41a7b5,female,group B,associate's degree,free/reduced,none,46,61,55
66e01b480a3cc20e1f41a7b6,female,group E,some college,standard,none,68,70,66
66e01b480a3cc20e1f41a7b7,male,group E,bachelor's degree,standard,completed,100,100,100
66e01b480a3cc20e1f41a7b8,female,group C,high school,standard,none,44,61,52
66e01b480a3cc20e1f41a7b9,female,group C,associate's degree,standard,completed,57,77,80
66e01b480a3cc20e1f41a7ba,male,group B,some college,standard,completed,91,96,91
66e01b480a3cc20e1f41a7bb,male,group D,high school,free/reduced,none,69,70,67
66e01b480a3cc20e1f41a7bc,female,group C,high school,free/reduced,none,35,53,46
66e01b480a3cc20e1f41a7bd,male,group D,high school,standard,none,72,66,66
66e01b480a3cc20e1f41a7be,female,group B,associate's degree,free/reduced,none,54,65,65
66e01b480a3cc20e1f41a7bf,male,group D,high school,free/reduced,none,74,70,69
66e01b480a3cc20e1f41a7c0,male,group E,some high school,standard,completed,74,64,60
66e01b480a3cc20e1f41a7c1,male,group E,associate's degree,free/reduced,none,64,56,52
66e01b480a3cc20e1f41a7c2,female,group D,high school,free/reduced,completed,65,61,71
66e01b480a3cc20e1f41a7c3,male,group E,associate's degree,free/reduced,completed,46,43,44
66e01b480a3cc20e1f41a7c4,female,group C,some high school,free/reduced,none,48,56,51
66e01b480a3cc20e1f41a7c5,male,group C,some college,free/reduced,completed,67,74,70
66e01b480a3cc20e1f41a7c6,male,group D,some college,free/reduced,none,62,57,62
66e01b480a3cc20e1f41a7c7,male,group D,associate's degree,free/reduced,completed,61,71,73
66e01b480a3cc20e1f41a7c8,male,group C,bachelor's degree,free/reduced,completed,70,75,74
66e01b480a3cc20e1f41a7c9,male,group C,associate's degree,standard,completed,98,87,90
66e01b480a3cc20e1f41a7ca,male,group D,some college,free/reduced,none,70,63,58
66e01b480a3cc20e1f41a7cb,male,group A,associate's degree,standard,none,67,57,53
66e01b480a3cc20e1f41a7cc,female,group E,high school,free/reduced,none,57,58,57
66e01b480a3cc20e1f41a7cd,male,group D,some college,standard,completed,85,81,85
66e01b480a3cc20e1f41a7ce,male,group D,some high school,standard,completed,77,68,69
66e01b480a3cc20e1f41a7cf,male,group C,master's degree,free/reduced,completed,72,66,72
66e01b480a3cc20e1f41a7d0,female,group D,master's degree,standard,none,78,91,96
66e01b480a3cc20e1f41a7d1,male,group C,high school,standard,none,81,66,64
66e01b480a3cc20e1f41a7d2,male,group A,some high school,free/reduced,completed,61,62,61
66e01b480a3cc20e1f41a7d3,female,group B,high school,standard,none,58,68,61
66e01b480a3cc20e1f41a7d4,female,group C,associate's degree,standard,none,54,61,58
66e01b480a3cc20e1f41a7d5,male,group B,high school,standard,none,82,82,80
66e01b480a3cc20e1f41a7d6,female,group D,some college,free/reduced,none,49,58,60
66e01b480a3cc20e1f41a7d7,male,group B,some high school,free/reduced,completed,49,50,52
66e01b480a3cc20e1f41a7d8,female,group E,high school,free/reduced,completed,57,75,73
66e01b480a3cc20e1f41a7d9,male,group E,high school,standard,none,94,73,71
66e01b480a3cc20e1f41a7da,female,group D,some college,standard,completed,75,77,83
66e01b480a3cc20e1f41a7db,female,group E,some high school,free/reduced,none,74,74,72
66e01b480a3cc20e1f41a7dc,male,group C,high school,standard,completed,58,52,54
66e01b480a3cc20e1f41a7dd,female,group C,some college,standard,none,62,69,69
66e01b480a3cc20e1f41a7de,male,group E,associate's degree,standard,none,72,57,62
66e01b480a3cc20e1f41a7df,male,group C,some college,standard,none,84,87,81
66e01b480a3cc20e1f41a7e0,female,group D,master's degree,standard,none,92,100,100
66e01b480a3cc20e1f41a7e1,female,group D,high school,standard,none,45,63,59
66e01b480a3cc20e1f41a7e2,male,group C,high school,standard,none,75,81,71
66e01b480a3cc20e1f41a7e3,female,group A,some college,standard,none,56,58,64
66e01b480a3cc20e1f41a7e4,female,group D,some high school,free/reduced,none,48,54,53
66e01b480a3cc20e1f41a7e5,female,group E,associate's degree,standard,none,100,100,100
66e01b480a3cc20e1f41a7e6,female,group C,some high school,free/reduced,completed,65,76,75
66e01b480a3cc20e1f41a7e7,male,group D,some college,standard,none,72,57,58
66e01b480a3cc20e1f41a7e8,female,group D,some college,standard,none,62,70,72
66e01b480a3cc20e1f41a7e9,male,group A,some high school,standard,completed,66,68,64
66e01b480a3cc20e1f41a7ea,male,group C,some college,standard,none,63,63,60
66e01b480a3cc20e1f41a7eb,female,group E,associate's degree,standard,none,68,76,67
66e01b480a3cc20e1f41a7ec,female,group B,bachelor's degree,standard,none,75,84,80
66e01b480a3cc20e1f41a7ed,female,group D,bachelor's degree,standard,none,89,100,100
66e01b480a3cc20e1f41a7ee,male,group C,some high school,standard,completed,78,72,69
66e01b480a3cc20e1f41a7ef,female,group A,high school,free/reduced,completed,53,50,60
66e01b480a3cc20e1f41a7f0,female,group D,some college,free/reduced,none,49,65,61
66e01b480a3cc20e1f41a7f1,female,group A,some college,standard,none,54,63,67
66e01b480a3cc20e1f41a7f2,female,group C,some college,standard,completed,64,82,77
66e01b480a3cc20e1f41a7f3,male,group B,some college,free/reduced,completed,60,62,60
66e01b480a3cc20e1f41a7f4,male,group C,associate's degree,standard,none,62,65,58
66e01b480a3cc20e1f41a7f5,male,group D,high school,standard,completed,55,41,48
66e01b480a3cc20e1f41a7f6,female,group C,associate's degree,standard,none,91,95,94
66e01b480a3cc20e1f41a7f7,female,group B,high school,free/reduced,none,8,24,23
66e01b480a3cc20e1f41a7f8,male,group D,some high school,standard,none,81,78,78
66e01b480a3cc20e1f41a7f9,male,group B,some high school,standard,completed,79,85,86
66e01b480a3cc20e1f41a7fa,female,group A,some college,standard,completed,78,87,91
66e01b480a3cc20e1f41a7fb,female,group C,some high school,standard,none,74,75,82
66e01b480a3cc20e1f41a7fc,male,group A,high school,standard,none,57,51,54
66e01b480a3cc20e1f41a7fd,female,group C,associate's degree,standard,none,40,59,51
66e01b480a3cc20e1f41a7fe,male,group E,some high school,standard,completed,81,75,76
66e01b480a3cc20e1f41a7ff,female,group A,some high school,free/reduced,none,44,45,45
66e01b480a3cc20e1f41a800,female,group D,some college,free/reduced,completed,67,86,83
66e01b480a3cc20e1f41a801,male,group E,high school,free/reduced,completed,86,81,75
66e01b480a3cc20e1f41a802,female,group B,some high school,standard,completed,65,82,78
66e01b480a3cc20e1f41a803,female,group D,associate's degree,free/reduced,none,55,76,76
66e01b480a3cc20e1f41a804,female,group D,bachelor's degree,free/reduced,none,62,72,74
66e01b480a3cc20e1f41a805,male,group A,high school,standard,none,63,63,62
66e01b480a3cc20e1f41a806,female,group E,master's degree,standard,completed,88,99,95
66e01b480a3cc20e1f41a807,male,group C,high school,free/reduced,none,62,55,55
66e01b480a3cc20e1f41a808,female,group C,high school,free/reduced,completed,59,71,65
66e01b480a3cc20e1f41a809,female,group D,some college,standard,completed,68,78,77
66e01b480a3cc20e1f41a80a,female,group D,some college,free/reduced,none,77,86,86
